id;content;created_date
1;../fake-data/blob/hipster.txt;2025-06-14T09:51:16
2;../fake-data/blob/hipster.txt;2025-06-14T01:09:07
3;../fake-data/blob/hipster.txt;2025-06-14T11:03:18
4;../fake-data/blob/hipster.txt;2025-06-14T06:43:05
5;../fake-data/blob/hipster.txt;2025-06-13T23:20:27
6;../fake-data/blob/hipster.txt;2025-06-14T16:19:39
7;../fake-data/blob/hipster.txt;2025-06-14T02:39:12
8;../fake-data/blob/hipster.txt;2025-06-14T03:13:59
9;../fake-data/blob/hipster.txt;2025-06-14T21:19:44
10;../fake-data/blob/hipster.txt;2025-06-14T07:19:58
