id;title;description
1;schematise far-off;../fake-data/blob/hipster.txt
2;stuff distant trial;../fake-data/blob/hipster.txt
3;knottily with think;../fake-data/blob/hipster.txt
4;dramatic howl;../fake-data/blob/hipster.txt
5;furthermore private;../fake-data/blob/hipster.txt
6;platter promise descent;../fake-data/blob/hipster.txt
7;each in phew;../fake-data/blob/hipster.txt
8;longingly forage ridge;../fake-data/blob/hipster.txt
9;unto when vice;../fake-data/blob/hipster.txt
10;very gee;../fake-data/blob/hipster.txt
